"FileName","RelativePath","SizeKB","Modified"
"云枢版本发布记录.md","云枢版本发布记录.md","2.9","2026-08-20 19:17"
"BM25_COMMIT_MESSAGE.md","BM25_COMMIT_MESSAGE.md","4.6","2026-08-08 19:49"
"BM25_FINAL_DELIVERY_CHECKLIST.md","BM25_FINAL_DELIVERY_CHECKLIST.md","4.2","2026-08-08 19:49"
"BM25_MILESTONE_EMAIL.md","BM25_MILESTONE_EMAIL.md","4","2026-08-08 19:49"
"BM25_OPTIMIZATION_WIKI.md","BM25_OPTIMIZATION_WIKI.md","10.6","2026-08-08 19:49"
"BM25_RELEASE_LOG.md","BM25_RELEASE_LOG.md","5.1","2026-08-08 19:49"
"BM25_TECHNICAL_RETROSPECTIVE.md","BM25_TECHNICAL_RETROSPECTIVE.md","4.8","2026-08-08 19:49"
"ci_security_scan_wiki.md","ci_security_scan_wiki.md","13.7","2026-08-04 18:02"
"concurrency_fixes_wiki.md","concurrency_fixes_wiki.md","9.8","2026-07-13 02:11"
"deadcode_fix_and_boundary_tests_wiki.md","deadcode_fix_and_boundary_tests_wiki.md","14.6","2026-07-24 10:07"
"docs_link_precheck_fix_wiki.md","docs_link_precheck_fix_wiki.md","7.6","2026-08-14 14:01"
"git_detached_commit_fix_wiki.md","git_detached_commit_fix_wiki.md","5.1","2026-08-15 18:49"
"git_detached_commit_ops_manual.md","git_detached_commit_ops_manual.md","5.4","2026-08-15 18:49"
"Home.md","Home.md","5.4","2026-08-20 19:17"
"knowledge_optimization_phase2_evolution_wiki.md","knowledge_optimization_phase2_evolution_wiki.md","8.8","2026-08-09 17:52"
"knowledge_optimization_phase2_wiki.md","knowledge_optimization_phase2_wiki.md","4.3","2026-08-09 17:52"
"rate_limiter_migration_wiki.md","rate_limiter_migration_wiki.md","2.9","2026-08-09 17:52"
"release_workflow_wiki.md","release_workflow_wiki.md","3.4","2026-08-08 19:49"
"REPOSITORY_SNAPSHOT_REPORT.md","REPOSITORY_SNAPSHOT_REPORT.md","3.5","2026-08-08 19:49"
"security_config_wiki.md","security_config_wiki.md","10.6","2026-08-04 18:02"
"singleton_manager_wiki.md","singleton_manager_wiki.md","4.4","2026-08-09 17:52"
"system-log.openapi.md","system-log.openapi.md","7.3","2026-08-21 20:57"
"workspace_maintenance_wiki.md","workspace_maintenance_wiki.md","3","2026-08-15 18:49"
